width,height,count
186,202,33
171,178,1
171,181,4
63,337,1
9,343,1
72,352,2
72,343,1
51,340,1
57,277,29
45,340,4
102,301,1
153,211,1
153,199,2
66,292,3
177,193,1
66,295,2
183,205,1
66,301,2
183,199,1
21,295,1
60,277,795
153,208,1
174,190,1
24,292,26
45,334,11
33,355,1
48,349,1
21,361,1
201,232,1
57,325,2
51,337,1
48,343,1
21,355,1
48,340,1
45,325,9
33,349,6
69,334,1
33,343,2
69,331,1
33,340,1
69,328,1
33,337,1
186,193,9
141,175,1
69,319,1
33,325,2
69,310,1
186,205,12
69,307,1
45,298,54
201,226,2
21,346,2
42,292,2
135,151,4
150,181,1
90,301,46
105,331,1
72,265,11
48,337,2
18,277,1
24,283,1
33,361,1
48,331,4
18,271,1
18,259,2
108,286,1
72,349,2
108,277,1
33,298,2
108,265,1
180,184,7
66,340,1
69,346,1
177,178,1
183,196,1
90,286,1
183,193,1
141,181,1
90,283,1
126,346,1
90,274,1
102,298,1
201,235,1
18,349,1
42,301,1
54,277,2
66,271,2
96,331,1
96,328,1
96,316,1
153,196,2
123,256,233
96,310,1
66,337,1
93,367,1
90,280,1
78,304,1
180,190,2
93,364,1
180,187,1
66,343,3
93,361,1
45,337,6
39,325,2
48,316,5
45,262,1
60,292,51
39,274,2
33,286,27
93,358,1
90,268,1
78,292,1
216,250,1
210,238,3
21,352,1
42,286,2
48,298,13
93,352,1
72,274,1
90,310,1
96,322,1
78,286,1
36,298,2
93,346,1
105,313,1
102,295,1
93,337,2
24,325,1
42,289,2
48,277,3
162,181,1
93,331,2
39,286,2
48,304,12
33,274,28
36,280,5
93,328,2
153,202,2
105,298,6
93,322,3
45,307,19
51,271,40
57,283,7
36,289,7
48,265,6
39,295,2
45,304,33
60,274,1
51,268,2
54,262,3
57,280,8
39,292,2
24,340,1
21,334,1
39,298,3
57,304,34
45,280,57
18,358,1
201,208,1
39,268,2
33,256,23
153,175,4
93,295,3
171,205,7
153,169,28
93,289,4
57,295,10
39,283,9
45,271,3
57,292,32
39,280,5
48,310,5
36,286,8
45,268,54
57,319,4
216,253,1
18,361,1
201,223,2
54,289,2
39,259,23
48,301,55
33,271,42
63,307,1
57,289,7
45,265,1
48,307,13
36,283,9
63,301,1
18,343,1
42,295,6
51,277,1
27,325,1
45,259,1
60,289,25
48,313,9
33,283,23
63,295,1
24,313,3
33,331,1
27,319,29
48,319,6
57,301,9
201,205,1
60,295,41
63,289,1
24,310,8
39,328,2
27,304,2
9,328,1
45,256,240
33,280,34
63,292,1
36,274,23
210,232,1
21,358,1
42,280,22
27,298,6
18,355,1
39,265,2
51,289,3
48,295,34
36,271,5
57,310,5
18,352,2
201,214,4
48,292,27
33,262,337
36,268,3
210,226,1
54,298,1
42,274,3
45,328,13
15,268,1
27,292,5
45,301,45
201,229,2
21,349,1
54,283,12
36,319,1
39,313,2
63,265,1
63,319,1
210,229,1
45,283,1
57,307,7
201,211,5
54,301,1
39,271,2
48,289,57
33,259,69
42,277,4
36,265,6
39,277,2
42,271,3
24,328,3
210,220,1
51,286,1
36,304,2
48,280,3
39,310,11
27,334,1
63,262,1
57,298,17
42,268,4
51,334,1
24,280,1
48,328,5
18,268,1
27,286,7
210,217,1
57,271,27
45,295,10
21,343,1
33,319,3
51,283,1
39,307,2
27,331,1
63,259,1
162,283,7
120,175,1
84,247,1
114,187,1
126,163,2
114,160,1
111,154,12
102,136,3
126,184,2
99,130,3
186,235,4
66,283,2
126,355,1
72,271,6
138,139,6
129,157,15
69,277,6
132,151,1
78,259,6
33,244,103
57,196,6
96,118,18
42,226,19
51,208,22
48,214,31
99,112,4
105,340,1
93,316,1
135,136,7
69,268,3
159,184,1
147,160,1
90,313,1
180,229,1
132,133,7
141,151,2
186,244,1
150,172,4
153,178,3
180,232,1
129,130,9
159,190,1
141,154,1
18,229,1
6,205,3
12,217,77
9,211,7
15,223,122
24,241,70
30,253,12
3,199,3
21,235,64
27,247,14
90,202,1
72,238,55
114,154,2
96,190,2
108,166,2
111,160,6
69,244,1
102,178,1
78,226,5
84,214,30
120,142,7
66,250,1
123,136,1
126,130,2
93,196,1
75,232,6
81,220,1
84,211,1
72,235,160
96,187,1
108,163,2
117,145,2
69,241,1
120,139,19
93,193,2
81,217,1
117,133,1
96,175,4
66,235,21
69,229,3
102,163,1
114,139,2
81,205,4
120,178,1
114,166,1
96,130,8
108,154,2
102,142,1
126,190,2
33,253,36
96,127,9
60,199,3
57,205,2
39,241,17
54,211,11
102,115,4
45,229,35
36,247,45
51,217,51
63,193,18
42,235,8
48,223,49
99,121,12
96,124,15
60,196,4
42,232,42
54,208,88
36,244,61
48,220,32
102,112,1
54,139,347
39,169,98
36,175,110
21,205,267
69,109,4
6,235,12
72,124,28
30,208,15
60,148,200
24,220,63
12,244,8
42,184,100
78,112,4
48,130,34
54,142,18
33,160,2883
39,172,37
45,184,415
60,154,1
12,250,4
6,238,4
33,163,1521
36,169,4604
45,187,16
39,175,4030
42,181,36
33,169,66
48,139,10
36,163,256
21,193,41
69,97,7
51,244,5
21,184,99
33,208,7
39,220,14
3,148,270
12,187,11
6,175,22
36,235,71
42,247,24
12,184,12
6,172,9
9,178,1243
15,190,54
39,238,12
3,166,237
33,226,12
45,250,191
36,232,99
42,244,4
6,169,24
15,187,103
39,235,16
3,163,10
42,241,5
9,235,1
33,187,307
57,139,10
45,163,7
69,115,3
81,91,41
21,211,39
21,172,47
9,148,262
33,196,54
45,220,83
57,244,11
18,241,1
33,151,3005
36,157,1373
12,205,143
9,199,14
48,181,23
24,229,23
6,217,1
51,247,14
6,157,64
18,181,23
21,187,62
39,223,21
33,211,8
36,217,1576
3,151,25
48,241,19
54,253,52
24,187,68
18,175,53
42,223,168
48,235,77
9,154,638
24,184,1227
18,172,308
33,202,8
3,142,29
42,220,215
27,190,1719
48,232,21
51,238,29
57,250,54
18,169,45
3,139,317
42,217,83
27,187,515
51,235,5
27,139,288
21,151,254
15,163,1582
9,175,105
3,187,7
6,181,10
18,157,59
30,133,548
96,121,18
60,193,2
39,247,12
36,241,159
51,223,5
48,217,6
63,199,2
99,127,2
216,256,1
21,154,905
18,148,88
96,112,52
54,220,5
102,124,3
51,214,43
99,118,8
48,208,19
6,163,10
21,133,923
18,139,5509
3,169,59
33,238,1
27,154,1629
6,160,10
15,178,100
18,136,2334
9,190,268
39,226,20
51,202,4113
99,106,19
21,178,23
6,148,27
36,208,3055
39,214,64
54,244,3
114,124,2
54,172,21
57,178,11
33,130,867
36,136,75
42,148,135
39,142,2569
48,160,452
51,166,132
60,184,13
45,154,64
63,190,4
9,163,100
15,175,127
12,169,46
42,229,785
45,235,15
18,163,579
6,139,623
30,187,29
42,211,31
54,235,11
27,169,139
21,181,129
18,187,15
24,175,2976
30,163,203
21,130,553
30,148,5400
111,118,57
54,196,28
60,208,3
63,214,1
12,175,79
6,187,8
21,157,70
15,169,1199
30,139,361
60,253,1
21,175,530
9,151,83
24,181,174
12,157,183
33,199,70
36,205,69
45,223,42
57,247,476
48,229,4
63,202,2
12,172,83
9,166,72
6,184,8
27,130,384
30,136,1276
39,250,9
45,238,68
3,178,28
60,250,1
24,178,1290
18,166,2252
6,142,216
30,190,29
12,154,141
36,202,1313
42,214,77
54,238,3
48,226,10
60,247,1
9,157,1507
15,145,3659
12,151,1253
33,205,9
36,199,636
39,193,98
120,127,5
57,253,66
63,241,2
21,166,702
12,148,1504
36,196,1304
45,214,137
60,244,169
120,124,39
6,145,554
12,133,913
39,211,16
54,241,5
33,223,3
45,199,545
60,229,22
48,253,18
24,169,1626
9,139,479
27,175,168
42,205,138
57,235,37
30,166,1074
12,130,3166
9,136,63
18,190,18
27,172,189
60,226,43
57,232,8
48,250,16
18,238,3
60,178,1
54,166,18
57,184,12
33,136,1001
36,130,2377
93,112,2
51,172,6
24,250,17
18,244,2
93,106,2
6,220,1
21,250,186
90,100,1
87,115,3
57,175,2399
93,103,3
51,187,12
81,127,3
27,235,121
21,247,29
87,124,2
57,160,31
36,154,76
45,136,10
69,88,17
12,202,65
48,178,170
54,190,14
24,226,105
81,112,11
30,238,29
63,172,5
93,133,1
84,151,2
75,169,2
72,175,4
81,157,1
66,187,6
78,163,3
69,181,4
90,139,1
87,121,3
93,109,6
84,127,5
54,187,26
30,235,250
63,169,7
21,253,22
60,175,39
57,166,24
84,124,5
39,154,819
54,184,57
69,94,12
51,178,4
45,142,27
81,118,5
15,202,16
27,226,68
30,232,17
60,172,73
87,112,3
18,250,3
54,178,14
57,172,31
93,100,14
84,118,4
48,190,1264
51,184,5
24,238,63
81,124,3
27,232,28
30,226,21
60,166,10
21,244,60
90,106,1
57,169,13
84,115,3
48,187,7
24,235,40
81,121,3
93,97,4
21,241,53
60,163,4
63,166,1
87,118,3
33,154,117
45,130,19
84,112,4
9,202,10
48,184,412
24,232,86
60,160,2
27,238,10
51,190,3
69,82,3
54,163,13
84,103,6
48,175,81
51,169,135
81,109,11
21,229,111
18,235,2
33,184,189
57,136,7
72,106,13
60,130,5
48,154,18
36,178,271
21,208,1303
69,112,3
45,160,844
24,202,398
81,88,713
12,226,66
9,232,27
78,85,1
57,187,11
33,139,218
42,157,82
93,115,7
84,97,7
48,169,23
51,175,7
87,103,2
30,175,58
12,139,849
24,163,261
42,199,47
60,235,110
117,121,2
12,181,9
30,145,2332
24,157,3106
111,115,9
105,127,2
54,193,28
96,109,30
45,247,15
36,229,96
48,205,18
57,223,118
33,232,2
48,202,2
12,178,53
6,166,13
18,142,176
24,154,1459
9,184,26
96,106,1310
3,172,10
36,226,63
33,229,9
27,145,2153
24,151,229
108,127,14
9,181,63
111,121,202
48,199,69
45,253,3
51,193,6
63,217,37
60,223,52
96,103,47
21,142,508
24,148,1960
108,124,70
48,196,12
60,220,35
57,214,2
96,100,15
120,160,1
108,136,11
111,142,27
105,130,5
126,172,2
33,241,417
57,193,7
27,133,2448
18,151,114
102,127,6
96,115,17
39,253,8
54,223,5
3,181,224
63,205,2
48,211,92
24,190,107
30,178,23
3,136,222
6,130,260
27,184,454
54,226,7
48,238,7
51,232,56
6,178,13
27,136,1863
21,148,159
15,160,1038
18,154,1387
12,166,1280
24,142,619
9,172,48
30,130,2854
3,184,5
18,160,447
15,154,639
6,136,418
30,184,203
3,130,169
39,202,23
42,208,74
27,178,462
54,232,3
51,226,24
63,250,2
9,169,109
21,145,4516
12,163,56
24,139,875
75,124,17
30,214,1903
78,118,4
15,244,22
27,220,97
42,190,16
90,94,12
6,190,9
9,160,31
15,172,390
30,142,143
24,130,1621
60,202,4
45,232,23
36,250,27
9,244,1
72,118,6
57,148,11
75,112,11
42,178,142
24,214,566
27,208,512
78,82,7
42,154,72
72,94,27
75,88,26
12,214,27
45,148,8
15,208,46
9,220,1
54,145,35
30,193,36
72,109,29
84,85,73
66,121,2
60,133,229
36,181,1587
48,157,2327
24,205,148
42,169,30
12,229,54
6,241,4
78,97,4
18,217,2
63,142,3
9,226,4
33,178,36
84,88,14
57,130,11
81,82,75
60,136,519
36,184,122
39,190,48
15,238,6
12,232,29
18,247,11
33,145,524
78,79,80
39,157,142
9,193,52
51,181,5
15,205,8
27,229,66
6,223,3
90,103,1
114,169,1
21,103,627
12,85,1657
69,199,2
84,229,5
120,190,1
90,250,2
96,142,3
21,100,4874
18,106,2848
102,130,4
69,196,44
66,202,2
126,178,3
99,136,2
18,253,2
12,193,6
36,145,109
72,73,96
75,79,19
39,151,764
54,181,7
15,199,28
30,229,414
90,109,1
21,91,4179
18,85,11040
108,169,2
111,175,1
84,217,3
81,211,8
96,178,1
36,58,719
21,88,526
12,106,2402
111,172,1
102,190,1
120,130,40
126,142,43
78,238,7
81,208,2
114,163,1
21,109,1375
9,85,5106
102,139,2
69,205,204
126,187,2
84,208,1
72,232,17
96,184,2
9,106,726
21,82,12714
33,58,134
108,160,2
111,166,3
120,136,14
87,214,7
75,238,6
162,289,1
84,205,1
42,49,4
21,79,13672
24,85,14543
39,43,25
102,169,1
81,199,2
162,295,1
96,163,1
27,85,1560
36,43,4
42,55,40
21,73,28303
108,187,1
102,175,1
81,193,3
69,151,1
27,43,2364
42,73,37
75,139,14
21,55,224
36,85,28
84,181,1
108,253,1
45,127,8
12,61,30348
9,55,41802
36,109,4609
33,103,2964
63,91,25
114,193,1
51,67,30
54,73,37
96,229,1
72,181,4
69,175,13
90,145,19
126,217,2
87,139,6
120,214,1
45,124,9
84,142,3
9,52,34199
33,100,11438
63,88,97
51,64,3
60,94,3
48,70,444
69,172,3
69,145,1
72,139,25
39,85,23
21,49,541
24,43,448
42,79,9525
117,241,1
9,241,7
72,115,5
57,145,13
66,103,31
51,133,11
18,199,17
24,211,62
15,253,24
30,223,24
78,127,1
90,196,4
114,148,3
6,124,192
3,118,179
24,64,2044
27,70,3501
30,76,44
69,250,4
117,154,2
66,244,1
93,202,14
72,112,1843
75,118,10
66,100,3
30,220,19
18,196,1010
21,202,50
69,106,706
24,208,74
27,214,132
78,124,1
183,274,2
36,52,33
6,112,152
12,100,1814
24,76,7097
18,88,12819
30,64,53
72,229,27
114,145,16
96,181,1
36,61,359
6,121,1234
9,103,6700
3,115,157
12,109,3992
27,67,503
30,73,104
33,55,18
120,133,15
66,241,4
27,88,7329
42,58,42
12,118,459
15,112,2654
9,124,1260
24,94,5713
45,52,4
30,82,663
9,247,1
48,133,16
57,151,104
66,97,3
75,115,249
30,217,17
18,193,43
78,121,3
60,157,1
27,211,77
12,253,21
42,142,62
75,76,89
66,94,3
39,148,20
15,196,82
6,214,1
12,199,24
33,157,1004
36,151,770
45,133,16
42,139,131
69,85,10
66,91,40
39,145,164
9,205,72
15,193,98
6,211,2
72,79,7
114,157,1
39,55,2041
36,49,719
3,127,89
15,103,6056
12,97,2786
24,73,42028
27,79,410
102,181,1
78,229,3
66,253,3
126,133,5
12,196,45
6,208,3
36,148,1703
42,136,42
66,88,4
72,76,154
117,130,1
27,94,5371
15,118,642
6,100,768
24,88,4237
18,76,16873
12,112,2310
90,220,2
69,226,3
126,148,11
78,244,6
81,202,1
72,241,20
12,121,802
6,109,324
3,103,286
9,115,136
15,127,465
114,133,3
66,229,8
69,235,1
120,145,6
117,139,7
123,151,5
126,157,5
78,253,11
75,247,6
39,52,54
42,46,108
3,124,221
6,118,578
15,100,2135
18,94,6022
27,76,1122
30,70,105
57,163,18
42,133,187
84,121,4
66,85,4
69,91,12
45,139,85
81,115,6
60,169,14
63,175,5
90,214,1
9,112,867
3,100,755
24,82,15088
15,124,798
18,70,45809
30,94,523
69,232,42
123,148,1
75,244,6
33,148,4901
42,130,49
66,82,2
9,196,28
6,199,4
66,79,2
12,211,63
39,133,157
9,217,4
72,91,94
45,145,9
30,247,11
63,181,28
27,253,432
90,127,1
6,196,4
90,124,2
75,94,54
66,76,2
12,208,52
72,88,185
15,214,1854
81,106,15
30,244,277
21,226,265
6,193,6
90,121,2
36,133,3335
75,91,20
66,73,1
45,151,5
15,211,20
9,223,2
30,241,38
24,253,9
60,181,3349
90,118,2
66,70,24
84,106,11
9,208,59
72,82,46
15,220,22
3,196,4
78,94,7
21,232,73
27,244,17
120,169,1
84,241,1
6,85,8888
21,115,2977
105,139,2
69,211,18
120,187,1
114,175,1
96,139,3
21,97,9094
15,85,15626
69,193,5
63,178,11
18,232,1
57,190,15
54,160,195
33,142,139
93,118,2
84,100,17
69,70,112
39,130,2332
48,172,359
27,250,8
81,241,20
120,163,1
108,139,6
3,85,793
21,121,632
69,217,3
126,175,2
57,181,8
33,133,4577
66,67,119
78,91,9
45,157,4112
15,217,58
12,223,39
27,241,61
3,193,11
24,247,25
90,115,1
90,247,6
12,91,1331
6,79,19012
24,115,1159
18,103,2051
30,127,181
111,157,7
105,145,1
78,223,4
84,235,3
66,199,2
117,169,2
99,133,4
48,94,25
36,118,2319
54,82,215
63,64,126
51,88,509
45,100,10
33,124,5742
42,106,1049
39,112,147
57,76,144
60,70,16
90,253,1
27,127,4584
108,145,5
9,91,1024
3,79,3095
24,121,1606
18,109,4274
111,151,15
66,205,5
102,133,3
126,181,2
117,163,7
75,223,6
75,193,21
96,151,3
27,97,4903
12,79,13219
6,91,1123
15,73,21569
24,103,388
18,115,414
105,133,2
66,211,3
72,199,2
141,286,1
108,220,1
69,142,2
60,124,6
48,100,26
96,196,3
72,148,16
57,118,9
21,46,374
12,28,9916
9,22,28312
24,52,682
33,70,2178
36,76,25
45,94,15
81,166,1
93,190,3
84,172,172
12,115,879
3,109,3768
6,103,9966
45,49,10416
9,121,162
24,91,1577
18,79,20252
111,181,1
126,151,8
78,247,16
75,253,1
75,187,1
60,85,4
42,121,157
84,133,5
3,43,120715
66,169,5
93,151,2
108,250,1
42,118,50
6,46,50155
12,58,29360
36,106,2623
66,166,5
78,190,4
96,226,5
72,178,10
78,232,3
39,58,63
21,94,8512
15,106,4983
45,46,213
108,172,1
102,184,1
84,220,10
126,136,41
75,226,12
81,214,3
57,85,15
6,43,84944
66,163,1485
42,115,260
78,187,11
93,157,67
81,133,4
39,49,5
36,55,100
9,109,1710
21,85,19002
3,121,901
6,115,188
15,97,3130
42,43,262
12,103,9852
24,79,6680
18,91,8282
30,67,663
27,73,281
33,61,1150
39,106,25
3,34,123690
6,40,42929
15,58,63557
66,160,9
42,112,135
78,184,7
75,178,9
96,166,1
21,76,27947
6,106,792
39,40,233
36,46,96
114,130,2
108,190,1
66,226,3
126,154,6
78,250,9
81,196,1
126,229,1
48,121,18
3,31,121289
30,37,5
18,61,55360
51,127,3
33,91,130
45,67,41
63,103,7
66,157,6
60,97,16
81,187,1148
96,217,18
78,133,1
93,163,1
90,217,1
72,253,14
9,127,4705
27,91,11253
15,115,5857
6,97,3520
36,37,280
18,73,49245
45,55,5806
108,181,1
126,145,10
78,241,15
3,40,59956
6,34,116118
114,202,1
78,178,8
93,148,1
96,238,1
72,190,2
75,184,3
90,154,2
162,292,1
96,160,1
36,40,28
42,52,24
33,34,373
45,58,3666
108,184,1
102,172,1
39,46,164
6,10,1870
18,34,10533
30,58,66
66,130,2
42,82,20
54,106,7
102,202,2
78,154,1
54,127,11
48,115,51
57,97,7
27,37,7
75,133,9
6,31,145028
36,91,765
18,55,320152
45,73,21
63,109,5
66,151,5
96,211,13
93,169,1
84,187,3
48,85,1511
84,157,2
15,43,5587
42,97,846
21,31,27
75,163,3
78,169,14
81,151,2
69,154,3
54,124,4
39,94,580
81,178,2
48,112,506
21,58,12735
3,22,247624
6,28,216483
36,88,22
51,118,73
18,52,3766
33,82,558
66,148,6
96,208,39
99,214,1
84,184,4
48,127,25
57,109,6
3,25,183341
6,19,2610203
51,121,6
9,13,1630
63,97,7
54,115,468
60,103,4
102,211,2
96,223,4
99,217,1
120,205,1
108,229,1
57,79,8
45,103,9
6,49,47902
12,37,638056
51,91,257
33,127,116
18,25,15
63,67,39
126,193,3
39,115,16
39,76,12
57,112,6
75,148,6
27,52,307
15,28,3436
3,4,57
21,40,672
9,16,248
51,100,4
45,88,34
33,64,57
63,124,8
81,160,1
93,184,2
99,196,1
72,133,9
60,109,15
57,103,1056
12,13,294
3,19,385863
6,25,279445
51,115,3
18,49,3639
39,91,712
45,79,17
66,145,1942
24,37,52
54,121,4
99,211,4
105,199,4
93,175,1
90,184,2
75,154,4
3,10,4586923
27,58,1567
51,106,3
18,40,862
66,136,2
42,88,19
99,202,1
120,217,1
108,241,1
90,157,1
69,163,2
39,103,11
27,31,506
57,91,13
45,115,13
6,37,131717
24,25,496
12,49,55189
15,55,80700
51,79,5
36,97,2561
48,73,419
114,205,1
78,181,7
81,139,2
102,229,3
48,124,12
39,82,407
6,16,28105
33,94,11908
45,70,1857
60,100,4
81,190,2
54,112,4
102,208,2
96,220,7
93,166,9
108,214,1
60,118,218
57,124,41
39,64,608
84,166,31
12,22,39
15,16,713
9,28,1206885
33,76,2195
36,70,44
63,112,9
81,172,1
87,160,1
141,283,6
108,217,1
60,121,21
96,193,3
48,97,29
72,145,4
39,79,7
57,115,6
75,151,5
27,55,113
21,43,5938
18,37,273
12,25,8267
15,31,14238
3,7,691165
6,13,10803
9,19,633
24,49,3909
33,67,324
36,73,35
51,103,4
45,91,7
30,61,143
66,133,2
42,85,64
78,157,19
81,163,1
54,109,5
102,205,2
93,187,5
99,199,1
84,169,6
84,148,3
9,46,122527
21,22,320
15,34,7136
3,58,27642
78,160,93
72,172,4
66,184,3
90,136,1
141,289,4
102,247,46
48,91,99
36,115,43
18,31,77
15,37,15115
3,61,20359
6,55,28337
45,97,65
33,121,606
57,73,143
60,67,230
126,199,2
108,211,1
123,253,1
60,115,31
57,121,9
75,157,4
36,67,18
84,163,5
3,13,726580
6,7,3197
9,25,12225
12,19,23
33,73,4203
51,109,3
27,61,811
30,55,1432
81,169,1
54,103,521
102,199,2
78,151,1
99,205,1
120,232,1
72,136,153
75,142,7
57,106,10
27,46,197
9,10,339
24,40,10
42,76,74
120,199,1
36,127,135
45,109,466
18,19,443
3,49,20397
9,37,150767
39,121,1325
63,73,6
54,91,9
60,79,5
81,184,22
3,28,180200
6,22,433172
36,82,177
51,124,3
33,88,2126
45,64,552
63,100,24
54,118,4
99,220,1
102,214,3
93,160,1
84,178,3
1,1,9998
69,160,6
39,100,13
57,88,67
45,112,32
60,82,13
84,130,7
27,28,358
15,52,97126
51,76,19
81,136,4
54,70,83
126,214,2
120,211,1
126,223,1
45,121,7
60,91,76
84,139,3
9,49,52458
3,37,62042
30,31,304
15,61,37604
33,97,46
114,199,2
39,109,54
54,79,15
48,67,22
75,181,3
69,169,3
90,151,2
126,244,1
60,112,26
54,100,11
36,64,36
39,70,1085
84,160,5
21,34,1164
12,16,6826
15,22,49
30,52,189
45,82,43
63,118,20
102,196,1
78,148,1
87,166,1
93,178,1
69,130,1
114,181,1
96,145,3
27,103,296
12,73,27455
9,67,7984
15,79,8041
48,49,180
24,97,5012
30,109,2143
78,205,51
54,61,29
102,157,1
72,193,2
75,199,2
51,55,157
39,88,105
48,118,61
57,100,7
3,16,475391
51,112,2
36,94,368
45,76,57
96,214,13
93,172,1
99,208,1
84,190,3
66,178,1
102,250,2
117,220,1
108,238,1
111,232,1
21,28,14
15,40,8824
12,46,60032
6,58,22411
75,160,3
72,166,43
81,148,2
90,130,1
126,202,2
108,223,1
60,127,5
48,103,7
96,199,58
72,151,4
39,73,578
75,145,25
27,49,70
12,31,21616
15,25,513
24,55,3665
51,97,4
36,79,748
63,121,2
87,169,1
84,175,4
120,202,1
108,226,1
12,34,17143
9,40,79740
75,172,2
78,166,3
66,190,1
90,142,2
108,232,1
72,160,6
45,106,8
12,40,173313
9,34,182401
15,46,426268
42,100,21
75,166,2
78,172,4
108,235,1
21,25,43
12,43,119974
51,85,12
42,103,1149
78,175,48
72,163,8
81,145,2
87,157,1
120,220,1
108,244,1
69,166,2
57,94,17
45,118,10
48,76,2989
12,52,36195
36,100,139
63,82,6
24,28,101
54,64,71
81,142,2
126,208,2
120,223,1
108,247,1
39,97,44
48,79,190
24,31,135
9,61,23924
12,55,33952
15,49,71008
36,103,39
33,109,1259
51,73,56
54,67,40
126,211,2
84,250,1
27,100,8594
9,64,31221
6,94,4469
15,76,13908
51,52,192
18,118,4816
66,214,3
75,196,3
75,190,3
42,124,30
9,58,22573
3,46,50086
33,106,1222
66,172,2
96,232,3
72,184,13
96,148,3
12,76,3727
9,70,15087
6,88,707
3,82,4343
48,52,83
24,100,10246
18,112,1879
72,196,2
66,208,2
72,250,9
114,142,3
21,64,102698
33,40,3
108,178,1
66,238,2
99,172,1
102,166,1
120,154,1
96,169,1
42,61,29
21,67,22198
33,43,46
30,85,27
99,175,1
84,193,1
69,148,2
126,226,1
72,142,371
27,40,485
75,136,8
21,52,134
30,34,47
24,46,56
18,58,28887
66,154,5
78,130,1
90,160,1
126,232,1
27,34,4
75,130,9
42,64,254
30,40,374
63,106,6
78,136,1
90,163,1
69,157,1
126,235,1
81,181,16
21,61,4885
42,67,119
30,43,103
33,85,45
78,139,1
126,241,1
72,157,7
48,109,437
57,127,24
81,175,288
39,67,45
54,97,1823
15,19,155
30,49,988
9,31,264201
24,61,4060
33,79,394
63,115,25
102,193,1
96,205,19
78,145,1
87,163,1
126,238,1
72,130,39
60,106,391
42,70,78
30,46,22
24,34,71
78,142,1
96,172,1
21,70,28471
3,106,464
33,46,47
114,136,3
66,232,2
111,178,1
102,160,1
75,250,24
90,199,3
114,151,2
39,61,37
6,127,2542
9,97,1782
15,109,6113
33,49,4
24,67,3226
30,79,159
99,181,1
123,133,2
66,247,1
75,229,14
54,94,72
93,136,1
84,154,2
18,22,66
3,52,45257
33,112,8777
39,124,11
48,82,567
63,76,1
57,64,5
69,184,3
9,100,903
3,112,849
33,52,180
24,70,18757
18,82,20279
27,64,310
120,193,1
102,253,31
36,121,2386
3,55,14758
6,61,14506
33,115,420
39,127,398
63,79,12
57,67,133
93,139,1
96,241,1
69,187,3
60,73,3
90,133,1
126,205,2
27,109,5281
30,103,236
12,67,8981
9,73,4267
54,55,155
18,127,3652
51,61,61
111,133,88
78,199,3
66,223,3
102,151,1
120,184,1
114,172,1
96,136,3
57,58,150
117,175,1
120,181,1
96,133,4
30,121,5345
27,115,2590
15,91,2919
6,73,6902
60,61,147
3,67,11029
18,97,3790
108,157,2
78,217,3
66,193,1
87,235,20
75,211,1
27,121,2512
108,151,3
57,61,5536
6,67,15192
3,73,10529
24,127,2757
30,115,3239
111,145,38
78,211,24
72,223,6
75,217,70
90,211,2
72,247,20
12,127,2461
3,97,2998
33,37,131
15,121,516
18,67,18691
45,61,53
30,91,25592
120,151,2
75,241,4
54,85,101
84,145,3
9,43,62133
42,109,153
75,175,2
72,169,15
87,151,1
93,130,1
6,52,19855
51,94,5
36,112,144
18,28,683
81,154,5
60,64,19
48,88,33
69,178,10
126,196,2
39,118,21
117,172,1
27,112,1315
15,88,9014
3,64,11193
12,94,1860
24,118,2245
84,238,2
75,208,61
12,70,8729
9,76,9079
3,88,2844
6,82,6265
15,64,30215
87,226,38
81,238,1
108,148,3
9,94,718
15,82,12957
6,64,18769
24,124,870
30,112,2706
78,208,1143
117,166,2
96,157,1
48,61,14
9,79,2087
3,91,1003
15,67,26892
24,109,412
18,121,1061
30,97,7687
108,133,12
78,193,5
66,217,4
102,145,9
72,205,1
30,124,122
27,118,2788
21,106,176
12,88,5240
9,82,4388
15,94,3784
6,76,6057
3,70,9620
24,112,1579
18,100,3691
69,202,10
78,220,7
84,232,4
66,196,1
75,214,18
81,226,1
93,226,20
12,64,16336
3,94,7199
15,70,24825
18,124,3329
30,100,279
78,196,4
66,220,5
102,148,2
27,124,1040
12,82,14009
9,88,6112
3,76,4802
6,70,5216
30,118,291
111,148,20
78,214,4
84,226,6
117,160,3
75,220,11
162,286,4
96,154,5
48,58,10
21,112,4433
24,106,5630
114,190,1
108,130,18
105,136,2
69,208,27
72,202,2
126,166,3
54,154,20
87,88,67
84,94,337
36,190,1700
30,202,31
39,184,105
45,172,4102
60,142,3
15,232,6
12,238,18
6,250,2
78,106,3
21,220,139
69,124,2
72,244,71
12,124,985
9,118,3729
18,64,59410
27,82,42895
30,88,39
69,238,1
120,148,4
117,142,1
72,127,122
57,157,18
75,121,9
90,91,60
30,211,26
45,181,12
78,115,542
24,223,33
15,241,4
60,151,1
27,217,97
12,247,5
42,187,30
138,328,1
162,280,1
120,172,1
84,244,1
114,184,1
27,106,8851
21,118,411
111,130,38
105,142,1
69,214,7
75,202,1
126,160,3
33,166,2526
54,136,15
93,94,55
51,130,3
36,172,456
45,190,66
15,250,3
6,232,3
27,151,1117
21,139,468
30,157,108
24,145,968
96,97,52
18,133,2367
108,121,27
48,193,331
111,127,72
60,217,6
57,211,2
54,205,1220
51,199,55
102,109,1
63,223,2
99,103,17
81,244,9
120,166,1
114,178,1
108,142,6
30,106,4594
21,124,650
111,136,28
78,202,6
69,220,4
102,154,1
105,112,1
27,148,7042
21,136,2257
99,100,42
111,124,49
57,208,1
51,196,81
84,253,1
21,127,159
111,139,44
69,223,3
126,169,2
141,277,7
18,43,3163
45,85,28
66,139,2
42,91,815
21,37,554
93,181,1
96,202,69
72,154,4
48,106,7
24,58,9942
18,46,2339
66,142,3
42,94,19
27,157,357
15,181,68
30,151,675
102,103,38
39,229,10
60,211,2
57,217,5
54,199,16
45,241,48
51,205,92
108,115,6
99,109,15
33,250,33
27,142,552
15,166,483
12,160,223
24,136,679
105,106,29
57,202,3
45,226,77
3,190,3
18,184,21
24,172,92
30,160,89
9,142,212
15,130,1348
117,118,16
3,154,63
51,250,19
63,226,1
57,238,17
33,247,56
57,199,6
18,145,84
24,133,1228
108,109,25
60,205,3
54,217,5
102,121,59
36,253,34
51,211,32
99,115,25
6,151,281
15,133,376
36,211,232
33,217,110
3,157,227
45,193,156
54,247,2
51,253,9
114,127,1
63,229,2
120,196,1
36,124,88
51,82,5
33,118,87
114,208,1
60,76,6
54,88,11
57,70,25
93,142,1
69,190,52
87,154,1
33,172,135
54,130,4
48,142,16
36,166,941
51,136,7
66,106,2
39,160,125
18,202,7
21,196,30
69,100,5
6,226,3
33,175,99
51,139,53
39,163,52
21,199,156
69,103,4
48,136,13
36,160,102
57,154,559
51,142,4
39,166,246
45,178,10
9,250,88
9,229,3
33,181,46
72,103,17
57,133,20
81,85,176
75,97,164
51,145,85
66,115,2
48,151,11
18,211,4
24,199,300
42,163,28
27,193,418
105,124,1
111,112,23
108,118,81
60,214,265
45,244,31
63,208,2
57,220,268
42,250,3
75,100,213
51,148,6
66,118,2
18,214,3
42,166,11
27,196,175
9,133,201
114,115,18
39,217,32
3,145,74
45,205,325
36,223,316
51,241,1682
57,229,177
48,247,11
48,145,59
54,157,10
75,103,33
51,151,4
72,97,15
30,205,24
24,193,102
27,199,107
78,109,3
6,253,1
9,238,1
57,142,9
81,94,75
75,106,25
51,154,30
33,190,53
45,166,24
69,118,8
39,178,15
15,226,11
27,202,79
21,214,51
60,241,1
21,163,347
15,151,213
30,181,46
12,145,2073
6,133,58
120,121,15
36,193,86
39,199,1719
54,229,4
45,211,125
63,247,1
18,223,1
54,151,261
30,199,11
75,109,15
51,157,12
66,127,7
42,175,210
15,229,15
27,205,1921
39,181,325
6,247,3
78,103,1
21,160,808
15,148,200
123,124,12
39,196,26
45,208,84
63,244,1
63,184,5
18,226,1
6,202,3
36,142,813
93,124,1
81,100,32
51,160,9
39,136,109
48,166,66
69,76,27
60,190,3
30,250,29
12,190,7
30,154,782
18,130,559
15,184,239
39,232,62
54,202,27
3,160,5
36,238,146
21,169,186
9,145,133
15,157,358
3,133,60
126,127,11
33,193,20
39,205,69
27,181,478
45,217,99
51,229,5
57,241,20
63,253,1
63,187,3
54,169,151
42,145,53
93,127,1
51,163,66
84,109,9
39,139,772
72,85,14
81,103,26
69,79,19
87,109,4
54,175,69
36,139,178
42,151,120
93,121,3
75,85,23
69,73,7
48,163,53
81,97,35
60,187,3
42,127,40
63,85,20
66,175,2
93,145,1
96,235,1
72,187,2
120,208,1
57,82,18
60,88,5
84,136,3
63,94,18
114,196,1
51,70,3
81,130,4
48,64,76
54,76,36
90,148,2
126,220,2
93,154,1
54,133,5
72,121,5
75,127,9
66,109,2
18,205,7
60,145,3
24,217,493
15,247,5
27,223,86
12,241,9
6,229,2
42,160,114
72,100,47
66,112,2
48,148,7
18,208,73
24,196,256
18,220,1
54,148,31
30,196,15
66,124,2
42,172,16
6,244,3
78,100,3
27,160,227
6,154,86
18,178,30
24,166,179
12,142,576
15,136,1829
54,250,22
117,124,4
60,238,368
63,232,1
27,163,99
30,169,110
15,139,4148
42,193,14
117,127,6
63,235,1
27,166,1402
30,172,50
12,136,1798
9,130,505
24,160,549
15,142,685
45,202,87
42,196,82
60,232,12
57,226,9
63,238,1
84,91,566
36,187,269
45,169,13
60,139,2
12,235,14
21,217,150
69,121,2
87,106,1
75,82,5
12,220,21
9,214,4
78,88,15
24,244,48
21,238,36
90,112,1
33,235,1
9,187,2564
3,175,12
42,253,3
39,187,95
45,175,8
15,235,774
21,223,147
69,127,1
21,190,13
33,214,3
36,220,72
48,244,11
39,208,16
36,214,108
33,220,4
45,196,184
42,202,28
108,175,1
111,169,1
69,253,3
102,187,1
84,223,9
117,157,5
126,139,13
78,235,5
186,214,12
141,184,1
93,280,1
129,160,8
39,244,303
54,214,5
102,118,5
51,220,25
42,238,10
63,196,3
99,124,3
15,256,10
12,262,2
111,163,4
69,247,4
93,199,1
75,235,4
81,223,1
45,322,19
33,346,3
15,262,1
12,256,10
27,301,5
12,259,1
24,289,7
45,331,10
15,271,2
27,295,7
12,265,1
150,166,4
153,184,1
93,304,2
180,226,1
69,256,4
129,136,4
102,325,1
153,187,4
84,289,1
93,307,1
69,259,3
129,139,47
78,277,6
150,160,1
153,190,3
84,292,1
93,310,1
69,262,3
159,178,1
129,142,24
150,175,2
105,337,1
81,289,13
93,313,3
69,265,2
150,169,2
72,277,1
96,325,1
93,319,1
69,271,10
159,187,2
147,163,1
69,274,16
129,154,21
18,280,1
30,256,98
24,268,14
9,346,1
18,364,1
39,262,19
54,292,2
45,274,3
36,256,44
18,283,1
15,289,3
30,259,82
27,265,44
24,271,15
57,313,2
18,367,1
201,217,6
54,295,2
33,265,29
36,259,42
171,196,2
153,160,1
81,304,1
69,280,46
57,328,2
48,346,1
18,286,7
30,262,8
27,268,29
57,316,6
201,220,3
39,256,35
33,268,33
63,304,1
36,262,7
153,166,86
150,184,1
69,286,15
141,142,3
78,301,1
144,145,3
66,310,1
90,262,5
147,148,3
138,166,1
90,271,1
78,295,1
150,151,3
147,157,1
186,220,8
126,340,1
141,178,1
84,256,5
153,154,3
132,160,1
66,289,3
156,157,3
150,178,2
153,172,10
90,298,1
93,292,2
159,160,3
93,349,1
162,163,2
69,358,13
165,166,2
108,289,1
96,313,1
168,169,2
159,199,2
186,229,3
171,199,4
153,163,2
66,277,2
69,283,40
159,175,1
171,193,2
105,325,2
93,301,6
159,169,1
165,190,2
93,334,2
159,202,3
72,355,2
153,193,3
174,175,1
159,205,2
153,205,1
165,181,3
111,289,1
96,319,1
93,325,2
159,193,2
111,292,1
171,172,1
159,196,1
33,307,4
36,313,1
39,319,2
63,271,6
57,259,37
15,265,11
27,289,8
24,295,21
45,310,58
54,256,3
57,286,135
36,292,3
48,268,1
63,274,2
21,304,1
24,298,17
105,316,3
93,340,2
159,208,1
63,277,2
15,259,1
24,301,5
105,319,3
102,289,2
93,343,1
159,211,1
60,286,1
45,316,19
51,256,118
33,292,4
48,262,4
63,280,2
45,346,1
21,298,24
33,322,2
39,334,1
18,292,1
27,310,2
24,304,21
6,268,10
102,292,1
159,214,1
45,319,12
51,259,8
54,265,3
33,295,4
36,301,3
63,283,2
48,355,1
18,295,1
24,307,7
111,286,1
108,280,1
114,292,1
102,268,42
108,283,5
114,295,1
102,271,3
114,298,1
114,301,1
132,193,1
108,268,1
114,304,1
102,280,7
108,271,1
114,307,35
102,283,5
57,322,5
63,334,1
24,256,15
30,268,80
27,262,46
102,286,11
114,310,1
24,259,8
30,271,42
30,265,12
27,259,60
69,343,1
114,313,1
60,334,1
18,274,1
24,262,9
27,256,36
108,256,1
114,316,1
57,331,1
15,295,1
24,265,15
27,271,65
72,331,4
69,337,5
108,259,1
114,319,1
33,277,18
42,259,24
9,349,2
210,235,1
45,277,93
42,283,42
24,316,2
33,334,1
39,322,2
15,274,1
6,256,1
24,319,1
27,313,2
6,259,1
33,328,2
27,316,6
6,262,1
39,331,2
18,289,1
27,307,3
6,265,1
60,280,2
57,274,28
54,268,3
63,286,1
51,262,5
48,256,8
33,301,2
54,259,5
36,295,3
39,289,3
48,271,3
51,265,63
63,340,2
21,256,10
153,181,1
90,307,1
141,157,1
129,133,16
78,283,2
84,274,1
141,160,1
132,178,1
186,232,5
171,202,6
66,280,2
126,352,1
105,334,1
72,268,15
132,148,1
78,256,7
75,259,62
90,289,1
132,157,1
129,151,36
78,265,8
186,223,5
126,343,5
84,259,1
132,163,1
129,169,8
66,298,2
84,262,1
132,166,1
129,172,7
126,349,1
141,187,1
84,265,1
90,277,1
93,283,3
132,169,1
129,163,13
186,208,54
183,202,1
84,268,1
93,286,2
132,172,1
129,166,6
186,211,11
84,271,1
132,175,1
66,313,1
84,277,1
90,265,1
78,289,1
132,181,1
138,169,1
186,196,54
84,280,1
132,184,1
129,178,2
186,199,27
141,169,1
69,313,1
84,283,1
132,187,1
141,172,1
69,316,1
84,286,1
78,298,1
132,190,1
132,196,1
102,256,3
66,304,2
90,256,1
138,160,1
66,307,1
126,331,1
90,259,3
180,223,7
138,163,1
129,181,2
186,226,6
66,274,1
72,262,6
129,148,14
75,256,1
21,262,12
21,265,13
27,277,18
69,322,1
129,202,205
159,241,3
69,325,1
102,259,9
186,190,416
72,346,1
108,274,1
102,262,5
102,265,12
66,346,1
69,340,5
108,262,1
102,274,43
24,322,1
9,352,4
33,304,4
54,286,2
39,316,2
48,274,6
63,268,1
57,256,46
66,349,4
93,355,1
102,277,3
33,310,5
51,274,10
54,280,2
60,268,3
36,316,1
27,322,1
57,262,16
24,331,3
210,223,1
21,337,3
33,313,3
36,307,1
48,283,421
57,265,57
72,259,15
90,295,1
129,145,34
78,271,4
60,283,85
45,313,24
54,271,3
33,289,9
39,301,2
48,259,15
24,334,3
45,292,454
18,346,1
21,340,3
42,298,29
33,316,7
60,262,245
51,280,93
54,274,3
36,310,1
48,286,16
39,304,2
27,328,1
57,268,17
63,256,1
186,217,4
126,337,2
129,175,9
102,322,3
96,334,1
78,274,3
63,343,4
30,277,1
21,259,9
33,358,1
18,256,2
27,274,28
105,322,1
72,256,4
90,292,1
93,298,1
78,268,4
186,238,3
66,286,1
75,268,2
105,328,1
78,262,4
24,286,285
15,304,1
48,334,2
30,274,11
27,280,7
57,340,5
21,268,5
18,265,1
27,283,10
48,322,3
33,352,29
18,262,7
24,274,8
24,277,7
48,325,6
21,271,3
66,256,1
102,328,1
90,304,2
78,280,2
63,298,1
42,256,3
60,298,18
42,262,2
36,277,15
42,265,5
